cluster,Zdhhc1,Zdhhc2,Zdhhc3,Zdhhc4,Zdhhc5,Zdhhc6,Zdhhc7,Zdhhc8,Zdhhc9,Zdhhc11,Zdhhc12,Zdhhc13,Zdhhc14,Zdhhc15,Zdhhc16,Zdhhc17,Zdhhc18,Zdhhc19,Zdhhc20,Zdhhc21,Zdhhc22,Zdhhc23,Zdhhc24,Zdhhc25,Abhd4,Abhd6,Abhd10,Abhd11,Abhd12,Abhd13,Abhd16a,Abhd17a,Abhd17b,Abhd17c,Golga7,Golga7b,Lypla1,Lypla2,Ppt1,Selenok,subclass_id_label,class_id_label,cluster.markers.combo,descriptor,neuron_type
5206 Bergmann NN_1,2.6358199805891753,1.0922708861693602,1.9767772701266877,1.3329175100811848,2.0995994291905715,2.173441239632386,1.213926360536074,1.8517724888326892,0.792179263022175,0.00219237563912317,0.9238963561472996,1.2474811820874765,1.419070567757349,0.8087271198168177,0.926972856222955,4.822800402539353,1.985447890067165,0.00885925046007017,3.713531564065255,3.251908141064091,0.02390156866232697,0.32226365289570374,1.4680523539982226,0,4.37003569156425,2.488697928141772,2.3981939950142954,1.4969972024944596,6.213609569656386,1.573870891621586,2.318694356693198,3.007886429861058,5.571559835363318,2.01714615906552,3.848169282989594,0.1807475374320012,3.1363545635743733,1.5682652269419113,4.437147931641967,5.744860173276805,316 Bergmann NN,30 Astro-Epen,"Gpr37l1,Ctxn3",Bergmann glial cell; non-neuronal cell,NN
5207 Astro-CB NN_1,2.003587661923228,2.1276859925899196,0.958040880712318,0.9008610154087447,1.4592297243905237,1.2652492045244692,0.7572629565681332,0.9738241039511762,0.6691477237603604,0,0.3245914579827191,0.8103780460246515,2.32073937985169,0.37710949146386347,0.5393655400176148,3.4557979871065188,1.8016741700939365,0.01175609279623676,2.9013528729374314,2.6298109945995267,0.08570825414501981,0.24917678455094913,0.9704096878603066,0,3.3039722842770023,3.2313597602444095,2.1200308080041883,1.1220385969935598,2.5577897033491337,0.8219159563660344,1.695174619590208,1.5761174333123338,5.9561216331028435,0.9290171091928904,2.351885871731596,0.23686566858580616,2.237544753612616,1.0855131513311034,3.0145373494475036,4.792369078367185,317 Astro-CB NN,30 Astro-Epen,"Dao,Efemp1",astrocyte-Cerebellum; non-neuronal cell,NN
5208 Astro-NT NN_1,2.059100071589152,1.495378166437149,1.8365224649508791,1.2651029030481975,1.2182671626408894,1.5864015892148018,0.9305128107468288,1.708622636894385,0.8313405935962995,0,0.6275418723622957,0.9755171264211336,0.9419265786806742,0.383877694606781,0.6988639086484909,2.857601205507914,1.9677820454041164,0,2.752429040769736,2.684170017639796,0.2346974114576975,0.5712107469638189,0.894508071243763,0,6.188613253335158,2.7186560158928237,1.8388981148600576,1.43951469908158,3.76271104067564,0.9222794224818548,2.2325491880377135,2.629738934338093,3.665774951378504,0.8826285824179649,4.8491934935251875,0.12928033620119095,2.25115546832482,1.3171195710698764,4.61728951583306,6.736313760280609,318 Astro-NT NN,30 Astro-Epen,"Gfap,Galnt15,Agt",astrocyte-non-telencephalon; non-neuronal cell,NN
5209 Astro-NT NN_1,1.7859205615221625,1.1043451117937944,1.738461235439545,1.5218900279414356,1.2502551643297202,1.526841002254433,0.8832684672310491,1.4956896165619322,1.040991860179848,0,0.2779717498503024,0.6655387340481899,1.0249046416003724,0.4326104898638712,0.850768599337522,2.6240878762640993,1.99371047073088,0.00704227649401821,2.63403508324477,2.7592141707959614,0.1072104515139439,0.3586977716940027,0.9092662706348558,0,5.906857829240039,2.1158281641086165,1.719248303463864,1.4714740378610935,3.629559173557419,0.772424320656609,2.034424625067326,2.796653509804133,3.1999102282988994,1.169091117083196,4.274712767773684,0.2877155525770692,1.7946309259675008,1.4267832668378824,4.40122156554942,6.692501461937567,318 Astro-NT NN,30 Astro-Epen,"Gfap,Slc36a2,Sfrp5",astrocyte-non-telencephalon; non-neuronal cell,NN
5210 Astro-NT NN_1,2.140548310961042,1.7447893244879586,1.5626674243382046,1.516977732522147,0.9980080570493426,1.6676543201719012,1.006166018758501,1.4247864280428206,1.018243271963937,0,0.5388922112328666,0.3886395760944911,0.7857661928449359,0.4753625937870571,0.5848213604518345,2.627054330280849,1.6749190092086792,0,1.970819537980216,2.097759703227452,0.1308375494820731,0.24020817279815673,0.5135211161204747,0,5.611367361886161,2.804890445300511,1.1181255851473126,0.9423989874976022,3.857373908587864,0.7515874624252319,1.69513190473829,2.837411621638706,2.6799172878265383,1.1545485258102417,4.55047015122005,0.144253979410444,1.676763606071472,1.53851318359375,4.68537803036826,6.676967661721366,318 Astro-NT NN,30 Astro-Epen,"Gfap,Sfrp5,Cldn10,Riiad1",astrocyte-non-telencephalon; non-neuronal cell,NN
5211 Astro-NT NN_1,2.463083910138419,0.45886018838775294,1.716366007086936,1.288758347543438,1.3483207574051417,1.1140935019160925,0.3252899030621132,1.9242665258686191,0.9339686297298816,0,0.23406106970283425,0.3993933549088039,1.405780090374893,0.33353670527426044,0.661864880765422,2.4091484519872775,2.0217382130997903,0,2.9611291617489934,2.1630348623468634,0.0840190394540851,0.4541547860992089,0.6339912307396364,0,4.374456925338574,1.8383371803197968,1.473652861091528,1.4437141096993775,2.8714660848124645,0.8554875770311677,2.1893660566780007,2.81324211399207,3.6161812717994946,0.6434446934903606,3.4756289439254933,0.1467060453436348,1.57686582308137,1.6137980664713998,3.5726372579510293,5.438637615589613,318 Astro-NT NN,30 Astro-Epen,"Myoc,Six3os1,Slc36a2",astrocyte-non-telencephalon; non-neuronal cell,NN
5212 Astro-NT NN_1,1.8688525672067648,1.6319301074024908,1.660018085268499,1.087518662505507,1.3957356272768895,1.5973848582090695,0.7635122867671209,0.8736915464121666,0.7984926444311483,0,0.24468667499405553,0.791177027388582,1.6123095133405554,0.40209116298911624,0.8617770198113756,3.1759615363826192,2.2707041001086905,0,2.7057370161000605,2.8221962055864864,0.2815196972328211,0.22796546985738053,1.1044499338255642,0,4.383131272629728,2.601250946715911,1.7905760588009116,1.2123453593797715,3.723355249783892,0.9408271584526336,2.205535512793724,1.9719375802950283,4.34140235671003,1.106009183566811,3.238604789448095,0.15510628355442507,2.511116285665804,1.5318429633149884,3.831369909479098,5.3259133873234354,318 Astro-NT NN,30 Astro-Epen,"Agt,Prss35,C4b",astrocyte-non-telencephalon; non-neuronal cell,NN
5213 Astro-NT NN_1,2.2764931519826255,2.2434787485334606,1.458492914835612,0.7695478863186307,2.619287623299493,1.1040387948354085,1.519991397857666,0.71203811963399255,1.115963617960612,0,0,0.6854639053344727,1.64944060643514,0.4208268854353163,0.38117872344122994,2.206885920630561,1.82212577925788,0,2.3061815102895102,2.2721364498138428,0,0,0.36323968569437665,0,5.432963053385417,3.848759571711222,3.7011684576670327,1.3003025849660237,3.51265017191569,1.5592573748694525,1.5260619852277968,1.4839239120483398,5.184468348821004,2.1859735118018255,4.191334221098158,0,2.053031841913859,0.7348409758673774,4.370172288682726,5.733846611446804,318 Astro-NT NN,30 Astro-Epen,"Dao,Mecom,Fbln5,Prelp",astrocyte-non-telencephalon; non-neuronal cell,NN
5214 Astro-NT NN_2,2.0334797604225323,0.9449630567735728,0.9505189291724075,0.8992595908465396,1.1804588778709433,1.3012063634868571,0.7743130860904888,1.0766766618662702,0.6620513833026436,9.2361478002469e-4,0.41319436284865224,0.8275388572051966,1.5760243648532193,0.325768803347282,0.5461549021783285,3.434019825061335,1.6723921813902736,0.01177760444703432,2.7335652643795645,2.7477851596167833,0.06998372802454186,0.02406089531568226,0.9233346019289336,0,2.8201909064143824,2.885600047213362,1.403160658212724,0.7535117036095325,4.056815858754081,0.900484209972606,1.5418394208566435,1.572204440790509,3.845992525949762,0.7496460047852509,1.989236483237484,0.1895692718764452,1.9423772805652448,0.9433532921888852,2.8232632699784115,4.6147977256542,318 Astro-NT NN,30 Astro-Epen,"Gja1,A330076C08Rik,Sfrp5,Gria2",astrocyte-non-telencephalon; non-neuronal cell,NN
5215 Astro-NT NN_2,1.71490353175572,0.6603581238716624,0.9953555260905342,0.738510373787499,1.3323891038409734,1.360826435412391,0.8009774262102695,1.0500879577285729,0.6308506297372444,0,0.377089652137664,0.92548709823202,1.8482721700044868,0.3361313374683297,0.4998124871704249,3.463566019413835,1.4450965909980975,0.00807025059660756,2.684639089875302,2.858063165327539,0.3684551639880164,0.01783734693365582,1.0103526181920677,0,2.680027247283418,3.246818720053241,1.604197172529761,0.7136757323239675,3.7429819559646864,0.9344265614987576,1.3417834584880397,1.686751092167224,4.611345076387789,0.7519446814955002,1.9536302671363224,0.16533119718907244,2.2961733728459612,1.0127672412955444,2.4417838443913125,4.228754239994446,318 Astro-NT NN,30 Astro-Epen,"Gja1,A330076C08Rik,Otx2,Unc13c",astrocyte-non-telencephalon; non-neuronal cell,NN
5216 Astro-NT NN_2,2.0376414113831287,0.8239244839470755,1.009569225188366,0.8805161179666312,1.6389807045239408,1.4098675868670558,0.8627587106275754,1.1719383803003731,0.8473981744772143,0.00134449127087501,0.4461643366394897,1.062460489903836,2.4804658103934867,0.25901512938167964,0.5828492691471856,3.5790319870325553,1.7676571947149802,0.01981678844177111,2.87196743899214,2.7835332595548117,0.05763684325266318,0.01680509159645723,1.0377002060145382,0,2.7504055981202993,4.392673944757587,1.8596978241871591,1.0320709686153524,3.883559982192327,1.1113260751576175,1.816243665870318,1.84462574948225,5.038022801073081,1.063038673728648,2.1808738365482054,0.15677688312120808,2.5057582449086455,0.9543025447172008,2.980102201003106,4.518569228913308,318 Astro-NT NN,30 Astro-Epen,"Slc7a10,Cyp26b1,Igfbp2,Shroom3",astrocyte-non-telencephalon; non-neuronal cell,NN
5217 Astro-NT NN_2,1.4619880530899991,0.85867651439371,0.7403538155023122,0.6456998393977362,1.45650658250325,1.134495228881435,0.5966888727245757,0.9055826642040198,0.6226507906218239,0,0.33821998977159856,0.6733892223994773,1.8590264082268253,0.2390510669362373,0.39821573751201456,2.9768992403960257,1.4977416691422931,0,2.343732890882254,2.2065341187525984,0.06640192588274801,0.04802179085910712,0.8483951326738676,0,2.5124458583676392,3.8771163574499465,1.5909835938241883,1.141929217926306,2.5998749770566763,1.0018242517689369,1.4623248818356167,1.5007472520745535,4.751765491771322,1.0018865595352635,1.9800525219149097,0.19346042186922532,2.0053977126674174,0.7687991163577106,2.2292872396311214,4.308093206954535,318 Astro-NT NN,30 Astro-Epen,"Aqp4,A330076C08Rik,Fbln5,Mdga2",astrocyte-non-telencephalon; non-neuronal cell,NN
5218 Astro-TE NN_1,1.5599333411241278,0.3279376733385164,1.60382390221032,1.2810615831287324,1.1116056424977772,1.425373765946126,0.6942148727107281,1.155582186881076,0.9130226985921718,0.00264525577701404,0.25217144244734296,0.5581600070647806,0.9481528170863196,0.21518386209646223,0.6126888352228533,2.4493316302657258,1.7567758193781688,0.00463927072993047,2.4557857952415185,2.9914803962942567,0.1435448101094859,0.27401876242189316,0.8606957220953415,0,4.972028754940496,2.6533608158328645,1.425942124038038,1.3726069494277162,4.127291689233617,0.7836758859695927,1.538857513772011,3.12092720282687,3.8440389218387416,1.2506049857186252,4.044940961275726,0.5307573287026439,1.865499847822753,1.7629495118138754,3.663111145231075,6.071085737511143,319 Astro-TE NN,30 Astro-Epen,"Myoc,Lhx2,Kcne1l,Alpk1",astrocyte-telencephalon; non-neuronal cell,NN
5219 Astro-TE NN_1,0.7174279207055683,0.5710598667032751,1.3030062326139424,0.9030543574962586,0.5309751722875298,0.8028276464117365,0.49806146975462734,0.994476952913924,0.633147789484935,0,0.23944919665777337,0.24624633420563924,0.5022087841535093,0.15744731452033914,0.3910753981223246,1.3626109216091622,1.1183606660716132,0.02378432054239594,1.088610834095172,1.852171015702591,0.1394027093831317,0.18337435995040025,0.5248445602251904,0,4.643209859797906,1.53483066529358,0.7191961132208752,0.7923804670802592,3.4954741859730833,0.568069869252224,0.8926509012578997,4.57736432976111,2.933638097329707,1.3161235570539094,3.951300336551814,1.568191920402798,1.3234942537923868,1.3481057954166182,2.979574337624693,5.5364625575553505,319 Astro-TE NN,30 Astro-Epen,"Gfap,Ddn,Myoc,Rasl10b",astrocyte-telencephalon; non-neuronal cell,NN
5220 Astro-TE NN_1,1.7818503777186077,0.23579300894881736,1.1760199575713186,0.29939699172973633,0.818921295079318,0.7675422177170262,0.45130118456753815,0.8181247133197207,0.6510630990519668,0,0.05822448658220695,0.4190105705550223,0.8251661856969198,0.11071446447661427,0.2932844776095766,1.6495046579476558,1.4216095028501567,0,2.412065686601581,2.346425854798519,0,0.298170035535639,0.6382390549688628,0,1.92854621554866,1.8393234664743596,1.2375444282184949,0.6432821606144761,3.099134893128366,0.6405701203779741,0.9945144508824204,1.1317163416833589,3.344406272425796,0.4708214998245239,2.2100772821541987,0.5455252510128599,1.329275116775975,1.3456911318229907,2.324086622758345,3.3623151815298833,319 Astro-TE NN,30 Astro-Epen,"Myoc,Dio2,Lncpint",astrocyte-telencephalon; non-neuronal cell,NN
5221 Astro-TE NN_1,1.4661349183685926,0.47103249024371713,1.9783743375661424,1.3434971895023269,1.0425206032577825,1.4540603112201302,0.7799476713063765,1.2845453651583925,0.943889034816197,0,0.25650865788362465,0.4542775905375578,0.9389309793589068,0.20472927988791953,0.6961954560571787,2.4264439501081196,1.9150473867143905,0.01087865128809092,2.4485873354697714,3.4888098658347615,0.181797899907949,0.2394962182336924,0.9341229185766105,0,5.562451544002611,2.699385137363356,1.5034062019659549,1.2201034779451332,4.494222625810273,0.887906018860486,1.5160516178364656,5.137339748849674,4.369354102076317,1.463947639465332,4.7235774752558495,1.8030712481907436,1.9384801459799008,1.9642838267890776,4.112311558236881,6.187521152107083,319 Astro-TE NN,30 Astro-Epen,"Myoc,Sptbn2,Alpk1",astrocyte-telencephalon; non-neuronal cell,NN
5222 Astro-TE NN_2,2.5324079476603583,0.3144142113932686,1.41673170394528,1.2505048816486941,1.1905199170978538,1.9282178948058344,0.778570895622198,1.7125751123589985,0.5737068566513985,0,0.44107731664440536,0.9052970796174056,2.54902602050264,0.4766249679768634,0.6634900737328333,3.220800054564026,1.524895007616094,0.01654474614030223,3.3071764133167036,3.2023714829876693,0.01689154183893457,0.904054523957555,0.918582116143178,0,3.726136236444801,3.184560436313435,1.3454113145140123,0.912560397141205,3.573569168478756,0.6090224591640814,1.940910083041064,2.322570713033977,4.505701827079275,0.8755618053833452,3.068742956433977,0.43017008229548936,1.6000044270808702,1.2931500739681807,3.3065747233337697,5.220788682055531,319 Astro-TE NN,30 Astro-Epen,"Gm6145,E330013P04Rik,Slc39a12",astrocyte-telencephalon; non-neuronal cell,NN
5223 Astro-TE NN_2,1.9021668434143064,1.1785306453704834,3.1770666599273683,2.504577112197876,1.1868337154388429,4.500486230850219,0.6310854911804199,4.323628950119018,1.7806803226470946,0,0,0.6167251586914063,6.263051176071167,1.3354793071746829,1.1785306453704834,3.897687530517578,1.3267380237579345,0,5.236268711090088,4.149418115615845,0,2.67245135307312,0.6986793518066406,0,4.512338399887085,3.3317304611206056,1.7783430099487303,1.8881313800811768,5.530780220031739,1.230897855758667,3.068999338150024,2.472405529022217,5.804243183135986,1.7866460800170898,3.278995943069458,0.5819944381713867,2.6010790824890138,2.403371238708496,3.4709917545318603,4.523402738571167,319 Astro-TE NN,30 Astro-Epen,"Mcm6,Egfr,Pcsk6",astrocyte-telencephalon; non-neuronal cell,NN
5224 Astro-TE NN_3,0.8328783370796626,0.7574847779356043,0.9969498422815968,0.6448966832279475,0.4884810848856063,0.8486102817163412,0.4288001999572404,0.9196451690411248,0.31663362291529346,0,0.19088569243597028,0.35862569918368103,0.5044271248476455,0.22528704265791416,0.32113438491383656,1.8262289787569648,1.1216774761790755,0.02712775370814832,1.2306808294803189,1.6199187667146469,0.06158458388786243,0.19184748210141123,0.359229450699932,0,2.7818626901615646,2.016944188688727,0.5460677630130921,0.6117311007206117,2.7066476258447474,0.4189271452777929,0.8727730118293835,2.8677075442574904,2.13942830375686,0.902094500926439,2.6509472434880856,0.6207229694490451,1.1525236707800433,0.924624271648108,2.4815404292046455,5.188616913089788,319 Astro-TE NN,30 Astro-Epen,"Gja1,Cxcl5,Ddn",astrocyte-telencephalon; non-neuronal cell,NN
5225 Astro-TE NN_3,1.9343088633804213,0.4442460644662325,1.0801927416562913,0.941018119726604,1.34912144202095,1.4089201236275868,0.8507675517346398,1.2532158672846898,0.7755763600048448,0.001161858895875,0.46932619898433825,0.887957719074505,1.3227458626694577,0.29983644376822033,0.6019625338930522,3.2436548373660727,2.042280612686801,0.01165073628176201,2.9655636146391946,3.122359774821993,0.10346149960518712,0.09084476628910536,1.1498578769584342,0,2.6917268855211915,3.788831059473469,1.5561600368618174,0.9215461452872976,3.956388057472632,0.9552841761729228,1.595289267883515,1.955793664155694,4.5416659711909055,0.9164315239151049,2.13414454776711,0.3321801658886419,2.2604282979950803,1.266777043286336,2.876996411528086,4.698125514581254,319 Astro-TE NN,30 Astro-Epen,"S1pr1,Fam163a,Kcnq3,Kcnq1ot1",astrocyte-telencephalon; non-neuronal cell,NN
5226 Astro-TE NN_3,1.5584568739985507,0.3865903758682081,0.8804697331945687,0.7498463895668008,1.0172342587602456,1.221575298943136,0.5924313807012747,0.9721800798219336,0.510008293558283,0,0.41792217483500776,0.574584298581463,1.094737755164084,0.2429681275591913,0.4588064186820264,3.0680608638411258,1.2854521082204104,0.0086239185757436,2.5694804221183594,2.380720332946955,0.03809601982527073,0.07711494742729635,0.770928023056926,0,2.177154210361671,2.8176772774483516,1.0992370048233913,0.8322554124798119,3.2168995452414255,0.7131956750057389,1.3528981792670922,1.821012973847055,3.2189059788970513,0.7403325628241674,1.891273791086529,0.2176613588187625,1.5692675402221798,0.965186220748128,2.4316641681410713,4.644465162614103,319 Astro-TE NN,30 Astro-Epen,"S1pr1,Ranbp3l,Emx2os,Zic4",astrocyte-telencephalon; non-neuronal cell,NN
5227 Astro-TE NN_3,2.1981565693958625,0.45559628677419006,1.192700799268102,1.1034970648937283,1.5024870119141878,1.5764581314741763,0.8818931680638902,1.197014769633325,0.7200173162292294,0.00188063698165753,0.4616338080220996,1.0417897939268914,1.6776757815448853,0.4861686488683742,0.6153536293485332,3.4693281643870164,2.062991590829082,0.01074857233874435,3.1920975107805387,3.449124098809166,0.03402944165961545,0.07647102228342875,1.273007735814569,0,3.013276851226469,3.764850843021048,1.7127481073788542,1.0103697193379118,4.953556663272191,1.0684124319835868,1.648126715296954,1.9657691158994777,4.173284884374904,1.0534737596635133,2.205620207946078,0.1107255346406766,2.3541463296857974,1.2714025860196283,3.2002011984487413,4.887080102447953,319 Astro-TE NN,30 Astro-Epen,"S1pr1,Crym,Grin2c",astrocyte-telencephalon; non-neuronal cell,NN
5228 Astro-TE NN_4,2.092584216181955,0.3674268620562893,1.2906208038330078,1.1424971083273956,0.7794166422181605,1.4418739233386006,0.5687426005749984,1.3968731759764754,0.9027082585025952,0,0.370063211184655,0.6225761240708609,0.8342140823177796,0.38680287873914915,0.605018331659787,2.6662828509530807,1.5969294477140346,0.00653050873284427,2.6832947196882757,2.8505578798577647,0.06496668201842765,0.2750951403755763,0.6937078939193135,0,4.318038246539363,2.744600548520836,1.1179492594996685,0.693083108078438,3.369676916273937,0.6171738484726418,1.575606744789543,2.574915087150216,3.2993608574760422,1.0145873872908455,3.520877248643615,0.3652332911908991,1.5667514004678202,1.2482566221668376,3.278550192683389,5.622686905190804,319 Astro-TE NN,30 Astro-Epen,"S1pr1,Thbs4,Gm29683,Slc39a12",astrocyte-telencephalon; non-neuronal cell,NN
5229 Astro-TE NN_5,2.210523100133701,0.3099818420903649,1.1641626438224764,0.9246507677964066,0.8680659734570502,1.2267158034547951,0.591486338039265,1.305785601691163,0.5659201333316146,0,0.2998821152444028,0.6165982458600714,1.292129763347828,0.32026681677952773,0.6143671210956451,2.2842666137418957,1.4451541203576566,0.01041224456234397,2.0916997433325606,2.399539305969475,0.04853087285820293,0.4351177517840347,0.6296596274184687,0,4.11650835557866,2.5212535383167736,1.2116737143651015,0.8360831709759355,2.738800680498565,0.6159791378894722,1.3680927515955206,2.446382268434354,3.1297643372805894,1.0107685912010125,2.8991223633829093,0.2155149763336774,1.4537150980121567,1.0640640505535328,3.105473105688453,5.339361940904546,319 Astro-TE NN,30 Astro-Epen,"S1pr1,Thbs4,Hs3st3a1,Sfrp1",astrocyte-telencephalon; non-neuronal cell,NN
5230 Astro-TE NN_5,2.662870506022839,0.440026840419634,1.3749645195954234,1.1277583507781332,1.2915794426667777,1.6011459463877036,0.6807955055372089,1.1853438404434962,0.5449585813157102,0,0.2993593215942383,0.7283889647071243,1.029938964979023,0.27309416033697465,0.7558055769467185,3.0992925395356847,1.6364455130083342,0.00922391008823476,2.916139808952386,3.377032646896146,0.03543667759455687,1.121979317766555,0.8973904636734766,0,4.085692382873373,2.721832790273301,1.342452583583534,0.6988273985842441,3.892127200221339,0.7517604540425835,1.5460750219669748,2.4545282793383225,2.800654233770167,1.056005079695519,3.072708201746569,0.12173788260060844,1.6914092750414045,1.2144181990454384,3.618361327665072,5.772065866923501,319 Astro-TE NN,30 Astro-Epen,"S1pr1,Adamts18,Crym",astrocyte-telencephalon; non-neuronal cell,NN
5231 Astro-OLF NN_1,1.6607851236306814,0.288706962323694,1.266852715662582,1.0327983725323566,1.2754266851484837,1.4912383751238871,0.8987651020438833,1.1761219167083832,1.0095541075428367,0,0.4147181958411223,1.1299932371114505,1.3218219099805044,0.4246045477334955,0.5065956620948707,3.3676480977494347,1.4605797696426346,0.00623963218404113,2.736709172261351,3.0227379269604726,0.0400278301219767,0.01546426642193683,0.8826491392464739,0,2.8441919063102343,3.8155464336922624,1.316460287053698,1.0743914001765091,3.8007572469509214,1.0567439899194373,1.7512804641492672,1.9617101835795536,4.137605428455095,1.063184343120525,2.3802853833534403,0.19149130456502936,2.3787686312355016,0.9582584575495252,2.99951355247998,4.341668747748905,320 Astro-OLF NN,30 Astro-Epen,"Gja1,Chrdl1,Ano1,Il33",astrocyte-Olfactory areas; non-neuronal cell,NN
5232 Astro-OLF NN_1,2.1128254621335776,0.24370035794701908,2.005726467264761,1.5067803434806295,1.930423136984948,2.1613604007381024,1.2773398479612748,1.8904067525769224,1.1812759012278944,0.03197140032702153,0.5312740495889494,1.549029255857562,1.5331990600812553,0.6683321282415107,1.085631297366454,4.079857632665351,2.082667565581822,0,3.296805204731403,3.8135812872707255,0.02907426286451887,0.12716386341812588,1.2903191240707246,0,4.761312982823589,3.6872299708942378,1.419498077713617,1.7092676800076323,4.955076673243306,1.5700406933775042,1.8913147756368809,2.7392117103727736,4.4252890360237345,1.436403751373291,4.19837749122393,0.1309741747261274,3.1291330946554052,1.3995259162222986,4.3542384109874765,5.167089814006692,320 Astro-OLF NN,30 Astro-Epen,"Aqp4,Prss23,Stk32a",astrocyte-Olfactory areas; non-neuronal cell,NN
5233 Astro-OLF NN_2,1.7638149037957191,0.4151090743641059,1.1714698498447735,1.055656195928653,1.1804990656673908,1.4059172744552295,0.8812535405158997,0.9251230421165624,0.8303653995196024,0,0.35712022210160893,1.1918784777323406,1.1534912896653016,0.3975907042622566,0.5971968173980713,2.9791581059495607,1.5556070916354656,0.0386882945895195,2.177641180654367,2.799110483378172,0,0.0161719744404157,0.8908208720386028,0,3.494305552293857,3.717947115500768,1.22142963980635,1.022792135675748,4.20540123184522,1.147542414565881,1.465762995183468,2.420955315232277,3.4536167755723,1.1626009518901508,2.789804521948099,0.1492668017745018,1.7915231920778751,1.2163129225373268,3.313265966872374,5.111522934089105,320 Astro-OLF NN,30 Astro-Epen,"Aqp4,Hs3st3a1,Slc25a34,C4b",astrocyte-Olfactory areas; non-neuronal cell,NN
5234 Astro-OLF NN_2,1.8228856188185671,0.28521639032566803,1.387579779929303,1.303585925000779,1.0740049463637331,1.8723357586150473,0.9891264671974994,1.424499958119494,0.9694387577949686,0,0.35848659150143886,0.7527188483704912,1.2757938121227508,0.7059508404833206,0.633601768980635,3.025842297330816,2.1642892776651586,0,2.5493185023044016,3.1577314944977455,0,0.13497940022894678,0.9487586082296168,0,4.458995112966984,3.48974622158294,0.9978818954305446,1.0175874892701493,4.465104612391046,1.1483611593855187,1.5361435524960785,2.8373236676479907,3.4527239028443684,1.3843585825980975,3.4323152116004456,0.3020648083788283,2.210610706248182,1.5338975338225669,3.81154790837714,5.659418292755777,320 Astro-OLF NN,30 Astro-Epen,"S1pr1,Chrdl1,Sfrp1,Atp13a4",astrocyte-Olfactory areas; non-neuronal cell,NN
5235 Astro-OLF NN_3,2.359108469396267,0.1933346008354763,0.9209236952493776,0.9251742722853176,0.6742245296262345,1.4022868376857829,0.7935500178696975,0.8874022229662482,0.6121111545922622,0,0.1387385276128661,0.7393274284758657,1.168329083694602,0.4010092683558194,0.6433449533750426,1.8046999303799756,1.007130061680416,0.05830082466017525,2.3234746174992256,2.244812060077235,0.01843274201986924,0.9901440121092886,0.6602801511872489,0,4.321434317894702,2.432770460281732,0.8790922693486484,0.4480674682923083,1.795242131880994,0.5724873565277964,1.2601196226084008,2.2247011447852514,2.494735058748497,1.0740105532250317,3.1671341410223044,0.06899457832552353,1.4149434004189834,0.6351342358679142,3.025447134701711,5.10712686574684,320 Astro-OLF NN,30 Astro-Epen,"C230072F16Rik,Dipk1c,Ecrg4",astrocyte-Olfactory areas; non-neuronal cell,NN
5236 Astro-OLF NN_3,2.4986359310150146,0.1616724166870117,1.251529275894165,1.0394052047729492,1.0912232284545895,1.576363166809082,0.8040296993255616,1.4463120670318603,0.91915287399292,0,0.31583005714416507,0.6358865089416504,1.1634643478393554,0.6317022609710693,0.7574403610229492,2.4670241527557373,1.3912107257843018,0,2.721337442398071,2.6269169235229493,0,0.4650801734924317,0.588916618347168,0,4.943864049911499,3.0470529594421385,1.1385898399353027,0.7740954284667969,2.985620355606079,1.0598780269622805,1.6382126827239991,2.690525062561035,3.374409185409546,0.9718030452728272,3.5915051765441897,0.1717136287689209,1.7543305053710938,1.0011706981658937,3.6610857009887696,5.029678119659424,320 Astro-OLF NN,30 Astro-Epen,"S1pr1,6530411M01Rik,Sfrp1,Aqp4",astrocyte-Olfactory areas; non-neuronal cell,NN
5237 Astroependymal NN_1,1.5353990920046543,1.5056941661428898,1.1716578260381172,0.789946000989085,1.1355120432775434,1.428558998919548,0.6800897302598576,1.1374920900107155,0.8925413694062856,0,0.23841665870875212,0.4336776255111926,0.7494829360474932,0.30244884664889166,0.49433232658177523,2.836705515087557,1.8224502537388207,0,2.437840951612293,2.398024488002696,0.4880102615588342,0.1281064868335666,0.6716238836387008,0,3.928787203907605,2.2368661002185206,1.2388152119598852,0.7849918035026017,3.042846317349234,0.9110852447324248,1.3355114699134711,2.381171507675959,3.66837580080815,0.8600453649248395,3.4205919703451695,0.3275404643142839,1.3988428521663585,1.228909408430198,3.151925318871588,5.8365531199608895,321 Astroependymal NN,30 Astro-Epen,"Aqp4,Ano1,Rspo3,Gjb6",astroependymal cell; non-neuronal cell,NN
5238 Astroependymal NN_1,2.3509053514714826,1.09644237317537,1.674926715984679,1.1723694215741074,0.9460123630992152,1.3367153803507488,0.3205480073627673,1.9306530617831048,0.6432647370455558,0,0.23767769964117752,0.2352415218687894,1.3921677355180706,0.3678286535698071,0.7964909620452345,2.599647413220322,1.9609895338091936,0,2.0339862170972323,1.9953328852067913,0,1.5161363451104417,0.4639557453623989,0,4.545900236096299,2.8058600509375857,1.1942408963253623,1.0132192310534025,2.53163388737461,0.7208566414682489,1.461613236812123,2.5478121857894096,3.248459079809356,1.1991309701350696,3.948158448202568,0.1457767319260982,1.777420253084417,1.1322829430563408,3.991718677052281,6.894035506666753,321 Astroependymal NN,30 Astro-Epen,"Myoc,Slc13a4",astroependymal cell; non-neuronal cell,NN
5239 Astroependymal NN_1,1.9601580776385408,0.6040815203937132,1.0573045709239903,1.1954212437814742,0.6192419546753613,1.3134423565508715,0.6269059074458792,1.108856829244699,0.5296505742998265,0,0.3283707561777599,0.5485383699189371,0.7096230200867155,0.2544188285941508,0.6009371725480948,2.8425350207001414,1.176775558670955,0,2.5113915987868807,3.199825281527505,0.05154700777423916,0.45292709478691445,0.7762244050182513,0,3.84220789083794,2.597650753917979,0.8931774114494893,1.14418337416293,2.545249597350163,0.6853909065474325,1.4205609346503645,2.4086473148260543,2.3857758027404103,1.2215420772780234,3.657995862747306,0.22553830894071664,1.241125588986411,0.9082160850069416,3.493292938417463,5.6845688357282045,321 Astroependymal NN,30 Astro-Epen,"Gfap,Six3,Agt,Zic1",astroependymal cell; non-neuronal cell,NN
5240 Astroependymal NN_2,2.736444451592185,1.0087149793451482,1.2731188066077954,1.3566251668063076,2.8858110760197495,1.7171655857201775,1.1995430787404378,1.283153570059574,1.0516173839569092,0,0.16977756673639471,0.979753588185166,0.5631206613598447,0.6081178910804518,0.1930341503836892,2.7438511848449707,1.9985340725291856,0,3.4530870986707285,3.3681011055455063,0,1.2090971542127205,1.1041257525935315,0,6.073398257746841,3.674182530605432,1.4149115952578455,0.905471946253921,4.090778820442431,0.7887935710675789,1.6223683573982932,4.8254459410002735,2.7840748555732495,1.9061077580307468,4.702065597880971,0.2023548140670314,3.2778392271562056,1.2145884470506148,4.99673276236563,6.420105926918261,321 Astroependymal NN,30 Astro-Epen,"Wt1,Wif1",astroependymal cell; non-neuronal cell,NN
5241 Astroependymal NN_3,2.9421717438232218,0.9906581580036818,1.806300005928836,1.1925847137014474,1.2283841865231293,1.728032399508287,0.7473291066359189,1.4054141734986996,0.9272131903805716,0,0.4027088852442474,0.6366780085194392,0.6114877097133032,0.34256862550472167,0.4441262832795731,3.735382219757697,1.8415551731482096,0,2.9873064567745735,3.046124235146776,0.09316807884961266,0.16140602092550255,0.6144566921272663,0,4.639796603809703,1.684044271205812,1.5603600302930634,0.9396824162415784,2.814137876234472,0.7426358617917456,2.0455337325330536,2.684528172618211,3.1190226214501995,1.2251730238147054,3.854718171386205,0.14076224882594665,1.6564969663266782,1.0385577766983598,3.9274071972779554,5.822406357787675,321 Astroependymal NN,30 Astro-Epen,"Gfap,Prokr2,Gm29683",astroependymal cell; non-neuronal cell,NN
5242 Astroependymal NN_3,3.2783485656560853,0.4792571311773256,1.734699147246605,1.0917584641035214,1.2532648286154104,1.2190693145574525,0.8478309076885845,1.280478876690532,0.6467884329862372,0,0.14053433218667674,0.5998998264933741,0.5999214992966763,0.22940982996031295,0.38134326934814455,2.5951200241266297,1.3550941001537231,0.03037181676820267,2.7064643349758413,2.4331143090891283,0.03180766216544218,0.8910292292750159,0.46200380768886834,0,4.275748044391011,1.8639710781186123,1.1904347441917242,1.161344293106434,2.266468207780705,0.4514769332353459,1.5326206406881644,2.7338573877201524,2.3623080431028853,0.6417077552440554,3.34825652144676,0.13340666793113531,1.984974719202796,1.077564543347026,3.509798750766488,5.865484377395275,321 Astroependymal NN,30 Astro-Epen,"Gfap,Cubn,Prokr2,C230072F16Rik",astroependymal cell; non-neuronal cell,NN
5243 Tanycyte NN_1,4.300823958878665,0.6098085285462055,2.452168966077038,1.7881383256813914,2.0096282123290385,2.1675011939609172,1.1470829875198836,1.4514096840140749,0.1259974499338681,0.06705907448050902,0.7188248880130729,1.0229921537576263,1.1964686875490798,0.35426481974493595,0.44664316570635926,3.1412413833067587,2.2867824367641174,0.1344606360209357,3.2525859174040175,4.3814186017537855,0.07980842197064272,0.5411102943813678,0.9014167343218302,0,4.127546423489285,3.542065143585205,0.8513478298777157,2.256128547117882,2.993701964309535,0.8252825933633391,3.1067462065785203,3.149485199721818,2.582676744952644,1.0912072142374885,4.313275632170058,0.20718225498789364,2.1178010026204217,1.4505196944954468,5.103217434637325,7.941176724188106,322 Tanycyte NN,30 Astro-Epen,"Cnmd,Sfta3-ps",tanycyte; non-neuronal cell,NN
5244 Tanycyte NN_1,4.641913815548546,0.8478133678436279,1.438079269308793,1.2572137933028371,1.5773767044669704,2.3342153273130717,0.7295430710441188,1.507176963906539,0,0.6377425068303159,1.0652358531951904,1.1536689306560317,1.8753669763866223,0.16869265154788368,0.8266766698736894,2.952850203765066,3.812335139826725,0,4.481023700613725,5.14565130283958,0,1.8263950096933463,0.8500574011551706,0,3.0042268100537752,4.900100005300422,1.504345128410741,2.129740677381817,2.253037929534912,0.5256607657984683,3.06740991692794,2.435125363500495,2.207089537068417,1.0823359363957454,2.509572192242271,0.2978979411878084,2.405579730084068,1.39980569638704,3.70723883729232,7.015425606777794,322 Tanycyte NN,30 Astro-Epen,"C230072F16Rik,Glp1r",tanycyte; non-neuronal cell,NN
5245 Tanycyte NN_2,4.3445176090857,1.0696120816047745,1.50481188658512,1.0608678369811086,1.610946611924605,1.8576690958003803,0.929666473407938,2.0555129942267834,0.6681514749623308,0,0.1675948904018209,0.7297391048585525,0.46024604758830984,0.6912343791036895,0.511152977895255,2.4437604961973247,1.659859457401314,0.07222432078737201,2.3556716682935,5.510675873419251,0.1296195454067654,0.10213373405764802,0.4943705038590865,0,1.7860009742505625,2.5087275240156384,0.965609023065278,0.900833729541663,2.529073792274552,0.580997575413097,1.6096532224404692,2.679628100058045,3.211711307968756,1.4531217416127522,1.992631656954987,0.29030910405245697,2.2595206246231543,1.0362020598517525,3.407688107153382,6.263617900886921,322 Tanycyte NN,30 Astro-Epen,"Dynlrb2,Mylk3,Sfta3-ps",tanycyte; non-neuronal cell,NN
5246 Tanycyte NN_2,4.034314530961057,2.1926724910736084,2.038191922167514,1.765615574857022,0.9685476434991714,1.8605143820985832,0.8022710719007127,1.832845982084883,0.7488596946635144,0,0.35433984817342556,1.4225026242276455,0.7887460525999678,0.3894446301967539,0.7152946502604383,3.3680251050502696,3.2149664391862585,0,3.037387710936526,3.86734627662821,0.122972660876335,1.4261701309934576,0.9507110676866896,0,3.466183008031642,2.7946629930049816,1.4075985715744344,1.1814871240169444,2.241344619304576,1.1169640561367602,1.96823854142047,2.6572526667980436,3.1877015702267912,1.0436020658371297,4.094319850840467,0.29559077607824447,2.2624177983466613,2.3541986840836544,4.363399652724571,7.589317347141022,322 Tanycyte NN,30 Astro-Epen,"Ccdc170,Nkx2-4,Dock8",tanycyte; non-neuronal cell,NN
5247 Tanycyte NN_2,4.495961363582093,1.5307789079372256,1.8847368649485607,1.8004429023431507,1.7596294779071635,2.5924380221755845,0.7639418735965141,2.344199756841285,1.0773486507623218,0.06133843476678669,0.3327057836999346,0.8422035119324652,0.4248795379684771,0.6678510302863452,0.9272672143227384,3.2057803318219604,2.294473827425447,0.03284939970494757,3.8105392225559385,4.542020342501269,0.04070255187342894,0.2741035536336755,0.8409728593336492,0,3.2105761035331426,2.0474290588471105,1.0528135983965548,1.2781999485730404,2.8891061944183627,0.5300069388306032,2.349185533033757,2.685180377383966,2.9621638689876684,1.2097010684517575,2.9209619994610097,0.20598406806092967,2.2943168766909134,1.214984043847398,4.790604196646423,6.10908480929464,322 Tanycyte NN,30 Astro-Epen,"Pdzph1,Wdr63,Dscaml1,P3h2",tanycyte; non-neuronal cell,NN
5248 Tanycyte NN_2,3.751082751486036,0.19492718908521864,1.956733571158515,1.5344841480255127,0.9696550634172229,2.2203959623972573,1.4135966036054823,1.4569184912575617,0.6079329119788276,0,0.393465174569024,1.293189737531874,0,0.2014247046576606,0.8102426264021132,2.4577460951275296,1.416349477238125,0,2.6778326167000666,3.6874665286805897,0.20505066712697348,0.5985462798012627,0.7486210796568129,0,4.352112359470791,2.6844507853190103,1.2081153922610812,1.1992776658799913,3.930213663313124,1.0060626798205905,1.2071608702341716,1.197994695769416,4.035244107246399,0.8345434930589464,2.871016648080614,0.7612381643719144,3.5468310515085855,0.5964565674463908,3.4440786176257663,6.370301538043552,322 Tanycyte NN,30 Astro-Epen,"Ccdc146,Tbx3,Otx2",tanycyte; non-neuronal cell,NN
5249 Tanycyte NN_2,3.3776275055317937,2.185370688699972,2.031964104889817,1.7620980065583176,2.0366959813274916,2.631836259415381,0.9835209001468708,2.055730890121138,1.088885218785282,0.1082562535120968,0.6703678887604662,1.1085810279041404,0.6417100721270727,1.1163448402147254,0.8488890169039054,2.6979901981756154,1.9153407736669612,0,4.029710479929477,4.292951034594186,0.02381407862474143,0.6027764107104595,1.6314712818161847,0,3.720196200825494,3.037075493406143,1.1125538922563385,1.766229881012993,2.7174156104462055,0.5662499258789835,2.528338271354321,2.996543946648449,3.201188194097849,1.3102369811464465,3.519417951881634,0.2242064254696359,2.604560252483384,1.506331600720369,4.846814121375104,6.392712118253426,322 Tanycyte NN,30 Astro-Epen,"Gpr50,Frzb,Foxd2os",tanycyte; non-neuronal cell,NN
5250 Tanycyte NN_3,4.368385815038914,1.335675291898774,3.692062918732806,2.230511642083889,2.835935360047875,2.782789276867378,1.6149573209809094,2.7790498849822254,1.423865870731633,0.2892599222136707,1.1831597991105989,1.5344270089777503,1.1232391508614146,1.1709542390776844,1.27064067561452,2.6003553227680487,1.6489982372376977,0,4.269794184987138,2.8443986613576007,0,0.3733151714976241,1.859986002852277,0,3.8654992289659456,4.082756658879722,1.4235180296548984,2.2917112082969853,3.4983660418812823,0.9494058911393328,3.498418366036764,4.130091597394245,3.693566444443493,1.7566014324746482,3.485818653571896,0.27567148208618164,3.053805421038372,1.2158729681154576,4.955936234171798,7.655556818334068,322 Tanycyte NN,30 Astro-Epen,"Fndc3c1,Ecrg4",tanycyte; non-neuronal cell,NN
5251 Ependymal NN_1,7.130197474330763,1.3797968717112494,3.7327863362144393,4.054471179100366,2.8421571017103733,4.895758350030133,2.1576922779463454,2.9223442521206167,1.530330185874356,0.04548631078777123,0.8321165864253757,2.123221737205784,0.6179125435724607,0.64232016639456,1.0900728148083354,4.721135385012706,4.369977657977133,0.07545060018368338,5.212229564736452,4.178976589659124,0.12437728789953696,4.700751901068957,1.9361999074486007,0,6.1283971621744655,4.1228824826174,2.6620204844744104,1.8310720579964777,3.8200984175419097,1.8804441860743932,4.20442947438389,3.8603437707273662,5.086015362280151,2.63124057541654,5.457512503842579,0.16913378515908883,3.794752395034232,5.256252215946236,5.4887117531608505,7.350365133380573,323 Ependymal NN,30 Astro-Epen,"Tmem212,Ifitm1",ependymal cell; non-neuronal cell,NN
5252 Ependymal NN_1,5.844094647301568,0.45863402684529625,2.781381869316101,3.0604176256391735,2.392156712214152,4.027302307552762,1.646122039688958,2.2500246895684137,1.052776331371731,0,0.5650651348961724,1.406416408220927,0.6158700307210286,0.5440264225006104,0.6598758061726888,3.652126349343194,3.3306483533647326,0.05442950460645887,3.939864047368367,3.529339059193929,0.05025220447116428,4.174073892169528,1.413582436243693,0,5.643056069480048,4.377885437011718,2.326996448304918,1.2469911999172634,3.294043326377869,1.574146819114685,3.3843606313069663,3.7473983844121297,4.365317259894477,2.0692688014772203,4.6075774563683405,0.25123005443149143,3.349150366253323,5.576704936557346,5.27347927623325,7.144140142864651,323 Ependymal NN,30 Astro-Epen,"Tmem212,Pgm5,Cldn2",ependymal cell; non-neuronal cell,NN
5253 Ependymal NN_1,5.152164378064744,0.2975247261372018,1.4824934817375022,1.0274383260848674,1.479438345483009,2.4984059841074844,0.726279542801228,1.3233407203187333,0.7210572019536444,0,0.5826117941673766,0.5916230932195136,0.5806155103318235,0.29224017325867996,0.728873739851282,2.7074053033869316,1.596407484500966,0,1.9795270980672632,1.5632312551457832,0,3.016475778944949,0.7285121349578209,0,3.618386238179309,3.221509334888864,1.2912543175068307,1.3423236988960427,1.7933886812088338,0.2934443494106861,1.289442539215088,1.7776282290194898,2.552343814931018,1.472699378399139,3.4980140746907984,0.2908644777663211,2.8768385623363737,5.076274628334857,2.7978801220021348,6.23420280091306,323 Ependymal NN,30 Astro-Epen,"Ccdc153,Slc43a3,Pax3",ependymal cell; non-neuronal cell,NN
5254 Ependymal NN_1,6.0631164113680525,0,2.1923142472902932,3.6816583275794983,1.7390207052230835,2.8994664351145425,0.8662328918774923,1.2843385934829712,0.4698598583539327,0,0.9836001793543496,1.0412192940711975,0.327091912428538,1.071232557296753,0.23539253075917563,1.5926541487375896,2.4408510526021323,0,3.960867007573446,2.9244813919067383,0,1.94862167040507,1.477405587832133,0,5.0664412180582685,3.1520183285077414,2.2229122122128806,1.8403337399164836,2.371074974536896,1.214592973391215,2.7558549642562866,3.2000343600908914,2.323993186155955,0.772564967473348,5.083119352658589,0.2754473884900411,2.6281565030415854,3.8165827989578247,4.595164656639099,5.672053873538971,323 Ependymal NN,30 Astro-Epen,"Ecrg4,Wt1,Dnah12",ependymal cell; non-neuronal cell,NN
5255 Ependymal NN_1,6.597979674619787,2.400347437578089,4.019766555112951,3.9621064186096193,2.8791892809026383,5.056713306202608,2.362884358798756,3.268170107112211,1.7404596917769488,0.04351285485660328,0.9546349553500904,2.485453083935906,0.5446600914001465,0.6467771866742302,1.2324596405029298,4.9785734036389515,4.8552382272832535,0.05052923314711627,4.997091259675868,3.802975587283864,0.04953896578620462,5.318834526398603,1.8616035349228803,0,6.6597691872540645,5.321751092461978,3.091458228055169,2.0496824348674103,4.584527725331924,1.984497474221622,4.6890535326565015,3.7959359028760127,5.109108624738806,2.952663104674395,5.829567438013413,0.08567350611967199,3.943103386374081,5.877199686274809,5.991494369506836,7.433559221379897,323 Ependymal NN,30 Astro-Epen,"Ccdc153,Qrfp,Col6a5",ependymal cell; non-neuronal cell,NN
5256 Ependymal NN_1,5.028367226809714,0.6241531328122187,1.5502948299531014,1.8416204374035856,1.168744829628639,2.688921234339299,0.7971034272867571,1.4230222796200922,0.6384208489594451,0.03062766535333931,0.35361842092045676,0.886973933533197,0.31173386018161636,0.15967851881136463,0.4932464803026412,2.853743727384546,2.1806102850627083,0.01203993168844056,2.9626152328631843,1.858434628153255,0.12334072189632413,2.6856439683372995,0.646856757509936,0,3.5298419824315186,2.2949706357588022,1.2444313820292088,0.8546316355290265,2.0549369580342316,0.7607440744441462,2.170417947938679,2.3245630455770487,2.734168114200715,0.8724489532229617,3.451167087479592,0.18234582163928137,1.8371696983849712,3.401783141122985,3.1718518832861555,6.387293980732178,323 Ependymal NN,30 Astro-Epen,"Ccdc153,Sntn,Lhfp,Folr1",ependymal cell; non-neuronal cell,NN
5257 Ependymal NN_1,5.377314508257814,0.46856248556677976,1.5188458274252972,2.0736744890165566,1.349538427087205,2.750987336410218,0.8168783697915908,1.4190354323505765,0.5113058707014245,0,0.33468757339970984,0.7208542123955873,0.3493845415352589,0.23264874154655493,0.5679758899840549,2.440875784081606,2.0921226900015304,0,3.087034823289558,1.8813556533547775,0.27550550242561606,2.8593591279651394,0.7059684214900382,0,3.7247437505579706,2.093503001910537,1.0850381068329311,0.8812129200987555,1.9132372099368729,0.95869213550245,1.8662219699935536,1.984106811124887,2.7750862736013993,1.1863730677324742,3.060488723403779,0.1181934591549546,1.943853639251557,3.479955551043078,2.89741911342488,6.58434916372916,323 Ependymal NN,30 Astro-Epen,"Tmem212,Lamb1,Zic4,Adgrl3",ependymal cell; non-neuronal cell,NN
5258 Ependymal NN_1,3.9445980011470736,0.13180595125470845,1.279984094226171,1.537651811327253,0.760202886187841,1.7816281061323862,0.6907769536215161,1.2019583671812026,0.4478158723740351,0,0.26488537409948926,0.6611785101512122,0.5032735748896523,0.17628882423279776,0.31208289010184154,2.247318609934005,1.5207679733397468,0,2.008112253461565,1.5636638989524236,0.04494920912243071,2.360038215395004,0.3256331110757495,0,2.070065215277294,2.039968104589553,0.9284122406490264,0.6712298499213325,1.3307419110858252,0.5489061476692321,1.2008436097039117,2.1053067116510302,1.869769753350152,0.5759322151305184,3.164457531580849,0.2051537180703784,1.4306617736816407,2.4207830383664084,2.22363949427529,6.264701271057129,323 Ependymal NN,30 Astro-Epen,"Ccdc153,Six3,Zic4",ependymal cell; non-neuronal cell,NN
5259 Ependymal NN_1,5.696102489124645,0.7816663149631384,1.3766659751082913,1.840168004084115,1.2892656518955423,2.032577497790558,0.5779674342184355,1.4244327593331385,0.5023050380475593,0,0.4682133101453685,0.8678467153298735,0.13799806556316338,0.14178686912613686,0.7870388560824924,3.056367751323815,2.4778735445003317,0.0353977559792875,2.6906140043277933,1.775152163072066,0.09905969735347864,2.5769560457480076,0.3995415201090803,0,3.398623673602788,1.8711769412262271,1.0385526791967528,1.0664684916987563,1.710913036808823,0.6274185710483127,2.2601251987495807,2.0779305925272933,2.4866987382522736,0.4277272079930161,3.261810218444978,0.06598259704281585,1.0538604355821706,3.1604828762285635,2.7974224475899128,6.964968876405195,323 Ependymal NN,30 Astro-Epen,"Ccdc153,Cd36,Sntn",ependymal cell; non-neuronal cell,NN
5260 Ependymal NN_2,4.05308994432775,0.1403208941948123,1.465278544077059,1.1224885684687915,1.7443368376755133,1.9883346673918936,1.739363100470566,1.763555794227414,0.3398869212080793,0,0,0.4755809714154499,0.9567335524210115,0.38554533516488426,0.7704936702076982,2.7964014076605075,1.5461932042749915,0,2.0420012008853075,2.4713284911178963,0,2.7341418847805117,0.5170339607610935,0,3.0712017780396996,2.1660050531712973,1.4533561031992843,1.4134466008442204,1.6539359674221132,0.6473115362772127,1.0916788868787812,2.3777861129946825,1.4828019258452625,0.6396173035226217,3.805595839895853,0,1.103639939936196,2.895836888290033,3.0512333730371988,6.934990173432885,323 Ependymal NN,30 Astro-Epen,"Ccdc146,C4b,Ccdc153",ependymal cell; non-neuronal cell,NN
5261 Ependymal NN_2,4.942002681585459,0.7984384390024039,1.592530919955327,2.716016778579125,1.1443277872525728,2.7257348207327037,0.7546855119558481,2.083306991136991,0.804596103154696,0.0977011277125432,0.4872959852218628,1.177639704484206,0.2866361416303195,0,0.9937894986226008,4.463104477295508,1.6245587238898644,0,3.028868170884939,2.1925070744294386,0.3236449590096107,2.471328845390907,0.3507654116703914,0,4.020512865139888,2.7171285335834208,0.706316351890564,1.208470133634714,2.320946766779973,0.8034588740422175,1.9074017176261315,2.6691701595599833,2.6756110191345215,1.5628786087036133,3.724563616972703,0.11556938061347374,1.2744209216191218,3.235232637478755,3.7294457233869114,5.259240022072425,323 Ependymal NN,30 Astro-Epen,"Gm10714,Hoxc4,Vmn2r30",ependymal cell; non-neuronal cell,NN
5262 Ependymal NN_2,5.7747334196760844,0.5078277562115644,1.348824686617465,1.9904286461907463,1.320709857425174,2.711668821283289,0.9670341079299516,1.4077017320168983,0.9433749173138593,0.03915056537937474,0.14100239212448532,0.7144886119945629,0.5069244487865551,0.2999452900242161,0.7016454928630107,3.4044921462600297,2.384118361086459,0,3.1423456243566563,2.30712657619167,0.10472582997502508,1.9819348670340873,0.722653239482158,0,4.287332931724754,2.0370447725863072,1.2335705602491225,1.0350077087814744,2.471578350582638,0.929440941681733,2.3183269242982605,2.346728196015229,2.740437056567218,0.9960917627489244,3.6355271158991633,0.14300941261085304,2.0097583538777117,2.602916039647283,3.140682483363796,6.041796374965358,323 Ependymal NN,30 Astro-Epen,"Tmem212,Ttc6,Ucma",ependymal cell; non-neuronal cell,NN
5263 Hypendymal NN_1,4.9640455074447525,0.34891553233853345,1.924456287631028,2.1785138150770886,1.5979756485644003,1.9897949541215416,1.0127008390083587,1.2743527186002663,0.9084805413115796,0,0.4855383317247569,0.602896210101011,0.274706847376103,0.5907793971274397,0.3266541872093146,3.39242012380696,1.4393447628981777,0,4.5091124472858235,2.5984497996542952,0.04440795774940107,1.6165380512210106,0.9509003694108922,0,3.6850954371390583,3.071302376205115,1.5087863764316916,2.1427269427896403,2.5502357860263305,1.2434041791682622,1.992931928566034,2.6268881893844056,2.614827910773188,0.9922682913087256,3.769357341656582,0.2558621296779715,2.1498623957736887,1.5913213517168443,3.0919280120794723,5.685666094581,324 Hypendymal NN,30 Astro-Epen,"Sspo,Wfdc2",hypendymal; non-neuronal cell,NN
5264 CHOR NN_1,4.0930541296474265,0.4877716455303255,3.423240605338675,1.7043318029309882,3.2871777237438766,3.732359736082984,1.703618597593464,2.295060216403398,3.8005750218375782,0.02966042190301613,1.8292563078833408,1.4384671719347843,0.41578081005909406,0.18802861072978036,0.7897477259401415,3.4231120953794387,2.2966599589488546,0.01387923350099657,5.5964830867579725,3.406373496133773,0.09104620355074523,1.9689219584230515,2.480741337479138,0,3.1293297759822156,4.981184840593182,1.4144176459703288,1.7176964806728676,4.8087690509733605,2.1515288954875507,2.5964990432145165,4.214028087991183,4.209131869331735,1.7598861991382035,5.1159183283321195,0.27888755329319687,5.0946915462368825,2.784567123944642,5.196282233566534,8.059582130244522,325 CHOR NN,30 Astro-Epen,"2900040C04Rik,Tbc1d1",choroid plexus epithelial cell; non-neuronal cell,NN
5265 CHOR NN_1,4.149965074327257,0.8810835721199972,3.5881507828918813,2.1287717149968732,3.520196256581803,3.992933103215625,1.6839937271430478,2.6346502596871897,3.4425702429654303,0.02582454681396484,1.7763457855983087,1.5455726517571344,0.9278460775899608,0.35256031661005743,0.9700471309193394,2.923729553557279,2.2411270476224128,0.10309765910544592,5.846384664725142,3.626272583565517,0.1204769430104752,2.1982006134345515,2.8103274016352424,0,3.055208783400686,4.933984764835291,1.1894641480250665,1.597012055547614,4.803991639823244,2.1200090625829864,2.9402112110316403,4.159887302688688,4.3935921401308295,2.1667284142901324,4.957339136224044,0.5243295117428428,5.75887730247096,3.020902773093062,5.975332179264716,7.634345668101171,325 CHOR NN,30 Astro-Epen,"2900040C04Rik,Slc17a8",choroid plexus epithelial cell; non-neuronal cell,NN
